DocVtas;Pos;Material;Denominacion;TPos;MatCliente;CtdPed;Aseguradora;Prestacion;TpPrest
8100000000;1;5001;PARAMETRO VALOR CONTRATO;ZSVA;;0;10274;;
8100000000;2;5000;HEMATOCRITO;ZSC2;902211;0,001;10274;902211;05-PRYP
8100000000;3;5000;TUBERCULINA PPD;ZSC2;860205;0,001;10274;860205;03-VACU
8100000000;4;5000;CITOLOGIA VAGINAL;ZSC2;892901;0,001;10274;892901;02-LINM
8100000000;5;5000;ESTUDIO DE COLORACION HISTOQUIMICA EN BI;ZSC2;898102;0,001;10274;898102;02-PTBIOP
8100000000;6;5000;ESTUDIO DE COLORACION INMUNOHISTOQUIMICA;ZSC2;898103;0,001;10274;898103;02-PTINMU
8100000000;7;5000;ESTUDIO DE COLORACION DE INMUNOFLUORESCE;ZSC2;898104;0,001;10274;898104;02-PTBIOP
8100000000;8;5000;ESTUDIO DE RECEPTORES HORMONALES EN BIOP;ZSC2;898110;0,001;10274;898110;02-PTINMU
8100000000;9;5000;ESTUDIO DE COLORACION INMUNOHISTOQUIMICA;ZSC2;898203;0,001;10274;898203;02-PTINMU
8100000000;10;5000;VERIFICACION INTEGRAL SIN PREPARACION DE;ZSC2;898805;0,001;10274;898805;02-PTBIOP
8100000000;11;5000;VERIFICACION INTEGRAL CON PREPARACION DE;ZSC2;898806;0,001;10274;898806;02-PTBIOP
8100000000;12;5000;VERIFICACION INTEGRAL + 15 IHQ MEDULA OS;ZSC2;89880601;0,001;10274;89880601;02-PTBIOP
8100000000;13;5000;VERIFICACION INTEGRAL+ 10 IHQ PULMON PIE;ZSC2;89880602;0,001;10274;89880602;02-PTBIOP
8100000000;14;5000;REV + HISTOQUIMICA 1 A 3 COLORACIONES;ZSC2;89880603;0,001;10274;89880603;02-PTBIOP
8100000000;15;5000;ANTIBIOGRAMA;ZSC2;901002;0,001;10274;901002;02-LMIC
8100000000;16;5000;HONGOS PRUEBA SENSIBILIDAD;ZSC2;901004;0,001;10274;901004;02-LMIC
8100000000;17;5000;MYCOBACTERIUM PRUEBA SENSIBILIDAD;ZSC2;901007;0,001;10274;901007;05-PRYP
8100000000;18;5000;BACILOSCOPIA 1;ZSC2;901101;0,001;10274;901101;02-LMIC
8100000000;19;5000;BACILOSCOPIA 2;ZSC2;90110101;0,001;10274;90110101;05-PRYP
8100000000;20;5000;BACILOSCOPIA 3;ZSC2;90110102;0,001;10274;90110102;02-LMIC
8100000000;21;5000;BACILOSCOPIA HANSEN;ZSC2;90110103;0,001;10274;90110103;02-LMIC
8100000000;22;5000;ZIEHL NEELSEN MODIFICADO;ZSC2;901102;0,001;10274;901102;02-LREF
8100000000;23;5000;PNEUMOCYSTIS CARINNI GIEMSA;ZSC2;90110601;0,001;10274;90110601;02-LMIC
8100000000;24;5000;LEISHMANIA COLORACION;ZSC2;90110602;0,001;10274;90110602;02-LMIC
8100000000;25;5000;GRAM;ZSC2;901107;0,001;10274;901107;02-LMIC
8100000000;26;5000;TINTA CHINA;ZSC2;901109;0,001;10274;901109;02-LMIC
8100000000;27;5000;ACTINOMYCES CULTIVO;ZSC2;901201;0,001;10274;901201;02-LMIC
8100000000;28;5000;BORDETELLA PERTUSIS CULTIVO;ZSC2;901202;0,001;10274;901202;02-LREF
8100000000;29;5000;BORDETELLA PCR;ZSC2;90120201;0,001;10274;90120201;02-LINM
8100000000;30;5000;BRUCELLA CULTIVO;ZSC2;901203;0,001;10274;901203;02-LREF
8100000000;31;5000;CLOSTRIDIUM DIFFICILE CULTIVO;ZSC2;901205;0,001;10274;901205;02-LMIC
8100000000;32;5000;COPROCULTIVO;ZSC2;901206;0,001;10274;901206;02-LMIC
8100000000;33;5000;CORYNEBACTERIUM DIFTERIAE CULTIVO;ZSC2;901207;0,001;10274;901207;02-LMIC
8100000000;34;5000;CRYPTOCOCCUS NEOFORMANS CULTIVO;ZSC2;901208;0,001;10274;901208;02-LMIC
8100000000;35;5000;LIQUIDOS CORPORALES CULTIVO;ZSC2;901209;0,001;10274;901209;02-LMIC
8100000000;36;5000;CULTIVO ESPECIAL OTROS MICROORGANISMOS;ZSC2;901210;0,001;10274;901210;02-LMIC
8100000000;37;5000;CULTIVO HONGOS MEDULA OSEA;ZSC2;901211;0,001;10274;901211;02-LMIC
8100000000;38;5000;CULTIVO HONGOS MICOSIS PROFUNDA;ZSC2;901212;0,001;10274;901212;02-LMIC
8100000000;39;5000;CULTIVO HONGOS MICOSIS SUPERFICIAL;ZSC2;901213;0,001;10274;901213;02-LMIC
8100000000;40;5000;CULTIVO MICOBACTERIAS MEDULA OSEA;ZSC2;901214;0,001;10274;901214;02-LMIC
8100000000;41;5000;CULTIVO AEROBIOS MEDULA OSEA;ZSC2;901215;0,001;10274;901215;02-LMIC
8100000000;42;5000;CULTIVO ANAEROBIOS MEDULA OSEA;ZSC2;901216;0,001;10274;901216;02-LMIC
8100000000;43;5000;CULTIVO MUESTRA DIFERENT A MEDULA OSEA O;ZSC2;901217;0,001;10274;901217;02-LMIC
8100000000;44;5000;CULTIVO ANAEROBIOS DIFERENTE A MEDULA OS;ZSC2;901218;0,001;10274;901218;02-LMIC
8100000000;45;5000;HEMOCULTIVO ANAEROBIO;ZSC2;901223;0,001;10274;901223;02-LMIC
8100000000;46;5000;HEMOCULTIVO HONGOS;ZSC2;901225;0,001;10274;901225;02-LMIC
8100000000;47;5000;HEMOCULTIVO CON RESINA;ZSC2;901227;0,001;10274;901227;02-LMIC
8100000000;48;5000;CULTIVO MICOBACTERIAS NO TUBERCULOSAS;ZSC2;901229;0,001;10274;901229;02-LMIC
8100000000;49;5000;MYCOBACTERIUM TUBERCULOSIS CULTIVO 1;ZSC2;901230;0,001;10274;901230;02-LMIC
8100000000;50;5000;MYCOBACTERIUM TUBERCULOSIS CULTIVO 2;ZSC2;90123001;0,001;10274;90123001;02-LMIC
8100000000;51;5000;MYCOBACTERIUM TUBERCULOSIS CULTIVO 3;ZSC2;90123002;0,001;10274;90123002;02-LMIC
8100000000;52;5000;MYCOPLASMA CULTIVO;ZSC2;901231;0,001;10274;901231;02-LREF
8100000000;53;5000;NEISSERIA GONORRHOEAE CULTIVO;ZSC2;901232;0,001;10274;901232;02-LMIC
8100000000;54;5000;NEISSERIA MENINGITIDIS CULTIVO;ZSC2;901233;0,001;10274;901233;02-LREF
8100000000;55;5000;NOCARDIA CULTIVO HONGOS;ZSC2;901234;0,001;10274;901234;02-LMIC
8100000000;56;5000;UROCULTIVO Y ANTIBIOGRAMA;ZSC2;901236;0,001;10274;901236;05-PRYP
8100000000;57;5000;YERSINIA ENTEROCOLITICA CULTIVO;ZSC2;901238;0,001;10274;901238;02-LMIC
8100000000;58;5000;IDENTIFICACION CULTIVO AISLADO;ZSC2;901240;0,001;10274;901240;02-LMIC
8100000000;59;5000;BETA LACTAMASA PRUEBA PENICILINASA;ZSC2;901301;0,001;10274;901301;02-LMIC
8100000000;60;5000;ESCHERICHIA COLI MATERIA FECAL SEROTIPIF;ZSC2;901303;0,001;10274;901303;02-LMIC
8100000000;61;5000;EXAMEN DIRECTO FRESCO CUALQUIER MUESTRA;ZSC2;901304;0,001;10274;901304;02-LMIC
8100000000;62;5000;EXAMEN DIRECTO HONGOS KOH;ZSC2;901305;0,001;10274;901305;02-LMIC
8100000000;63;5000;LEISHMANIA ANTICUERPOS;ZSC2;901309;0,001;10274;901309;02-LINM
8100000000;64;5000;LEPTOSPIRA SEROTIPIFICACION;ZSC2;901311;0,001;10274;901311;02-LREF
8100000000;65;5000;MYCOBACTERIUM IDENTIFICACION;ZSC2;901313;0,001;10274;901313;05-PRYP
8100000000;66;5000;NEISSERIA MENINGITIDIS SEROTIPIF LATEX;ZSC2;901317;0,001;10274;901317;02-LMIC
8100000000;67;5000;SARCOPTES EXAMEN DIRECTO;ZSC2;901318;0,001;10274;901318;02-LMIC
8100000000;68;5000;SHIGUELLA SEROTIPIFICACION;ZSC2;901319;0,001;10274;901319;02-LMIC
8100000000;69;5000;STREPTO A TEST PRUEBA RAPIDA;ZSC2;901321;0,001;10274;901321;05-PRYP
8100000000;70;5000;NEUMOCOCO SEROTIPIF 14 SEROTIPOS;ZSC2;901322;0,001;10274;901322;02-LREF
8100000000;71;5000;FILARIA EXAMEN DIRECTO;ZSC2;901324;0,001;10274;901324;02-LMIC
8100000000;72;5000;CLOSTRIDIUM TOXINA;ZSC2;901502;0,001;10274;901502;02-LREF
8100000000;73;5000;ADHESIVIDAD PLAQUETARIA;ZSC2;902001;0,001;10274;902001;02-LCOA
8100000000;74;5000;AGREGACION PLT RISTOCETINA 2 DILS RIPA;ZSC2;902002;0,001;10274;902002;02-LCOA
8100000000;75;5000;AGREGACION PLAQUETARIA CURVA;ZSC2;902003;0,001;10274;902003;02-LHEM
8100000000;76;5000;ANTICOAGULANTE LUPICO;ZSC2;902004;0,001;10274;902004;02-LHEM
8100000000;77;5000;PRUEBA TIEMPO VENENO VIBORA RUSSELL;ZSC2;902005;0,001;10274;902005;02-LHEM
8100000000;78;5000;ANTITROMBINA III CONCENTRACION;ZSC2;902006;0,001;10274;902006;02-LHEM
8100000000;79;5000;ANTITROMBINA III FUNCIONAL;ZSC2;902007;0,001;10274;902007;02-LHEM
8100000000;80;5000;DILS TIEMPO PROTROMBINA TP CRUZADO;ZSC2;902010;0,001;10274;902010;02-LHEM
8100000000;81;5000;DILS TIEMPO TROMBOPLASTINA TTP CRUZADO;ZSC2;902011;0,001;10274;902011;02-LHEM
8100000000;82;5000;FACTOR II PROTROMBINA;ZSC2;902012;0,001;10274;902012;02-LREF
8100000000;83;5000;FACTOR IX CHRISTMAS O PTC;ZSC2;902014;0,001;10274;902014;02-LREF
8100000000;84;5000;FACTOR V LABIL O PROACELERINA;ZSC2;902016;0,001;10274;902016;02-LREF
8100000000;85;5000;FACTOR VII ESTABLE O PROCONVERTINA;ZSC2;902017;0,001;10274;902017;02-LREF
8100000000;86;5000;FACTOR VIII;ZSC2;902018;0,001;10274;902018;02-LREF
8100000000;87;5000;FACTOR VON WILLEBRAND;ZSC2;902019;0,001;10274;902019;02-LHEM
8100000000;88;5000;FACTOR X STUART POWER;ZSC2;902020;0,001;10274;902020;02-LREF
8100000000;89;5000;FACTOR XI PTA;ZSC2;902021;0,001;10274;902021;02-LREF
8100000000;90;5000;FACTOR XII HAGEMAN;ZSC2;902022;0,001;10274;902022;02-LREF
8100000000;91;5000;FACTOR XIII ESTABILIZ FIBRINA LISIS COAG;ZSC2;902023;0,001;10274;902023;02-LREF
8100000000;92;5000;FIBRINOGENO;ZSC2;902024;0,001;10274;902024;02-LHEM
8100000000;93;5000;FIBRINOGENO CLAUSS;ZSC2;90202401;0,001;10274;90202401;02-LCOA
8100000000;94;5000;ANTIFACTOR Xa HEPARINA BAJO PESO MOL;ZSC2;902026;0,001;10274;902026;02-LCOA
8100000000;95;5000;PLASMINOGENO;ZSC2;902029;0,001;10274;902029;02-LREF
8100000000;96;5000;PREKALICREINA;ZSC2;902030;0,001;10274;902030;02-LCOA
8100000000;97;5000;PRODUCTO DEGRADACION FIBRINOGENO;ZSC2;902031;0,001;10274;902031;02-LHEM
8100000000;98;5000;PROTEINA C COAGULACION ACTIVIDAD;ZSC2;902033;0,001;10274;902033;02-LCOA
8100000000;99;5000;PROTEINA C COAGULACION ANTIGENO;ZSC2;902034;0,001;10274;902034;02-LCOA
8100000000;100;5000;PROTEINA S COAGULACION ACTIVIDAD;ZSC2;902035;0,001;10274;902035;02-LCOA
8100000000;101;5000;PROTEINA S COAGULACION ANTIGENO TOTAL;ZSC2;902036;0,001;10274;902036;02-LHEM
8100000000;102;5000;PROTEINA S COAGULACION ANTIGENO LIBRE;ZSC2;902037;0,001;10274;902037;02-LREF
8100000000;103;5000;RESISTENCIA PROTEINA C ACTIVADA;ZSC2;902039;0,001;10274;902039;02-LREF
8100000000;104;5000;RETRACCION COAGULO;ZSC2;902041;0,001;10274;902041;02-LHEM
8100000000;105;5000;EUGLOBULINA TIEMPO LISIS;ZSC2;902044;0,001;10274;902044;02-LREF
8100000000;106;5000;TIEMPO DE PROTROMBINA TP;ZSC2;902045;0,001;10274;902045;05-PRYP
8100000000;107;5000;TIEMPO DE SANFRIA;ZSC2;902046;0,001;10274;902046;02-LREF
8100000000;108;5000;TIEMPO DE TROMBINA TT;ZSC2;902048;0,001;10274;902048;02-LHEM
8100000000;109;5000;TIEMPO DE TROMBOPLASTINA PARCIAL PTT;ZSC2;902049;0,001;10274;902049;05-PRYP
8100000000;110;5000;COFACTOR RISTOCETINA ACTIV VON WILLEBAND;ZSC2;902051;0,001;10274;902051;02-LCOA
8100000000;111;5000;CRIOFIBRINOGENO;ZSC2;902052;0,001;10274;902052;02-LCOA
8100000000;112;5000;AGREGACION PLT RISTOCETINA 3 DILS RIPA;ZSC2;902053;0,001;10274;902053;02-LCOA
8100000000;113;5000;INHIBIDOR TROMBOPLASTINA TISULAR TIT;ZSC2;902054;0,001;10274;902054;02-LCOA
8100000000;114;5000;INHIBIDOR FACTOR IX;ZSC2;902056;0,001;10274;902056;02-LCOA
8100000000;115;5000;INHIBIDOR FACTOR VII;ZSC2;902058;0,001;10274;902058;02-LCOA
8100000000;116;5000;INHIBIDOR FACTOR VIII;ZSC2;902059;0,001;10274;902059;02-LCOA
8100000000;117;5000;INHIBIDOR FACTOR X;ZSC2;902060;0,001;10274;902060;02-LCOA
8100000000;118;5000;INHIBIDOR FACTOR XI;ZSC2;902061;0,001;10274;902061;02-LCOA
8100000000;119;5000;INHIBIDOR FACTOR XII;ZSC2;902062;0,001;10274;902062;02-LCOA
8100000000;120;5000;CELULAS LE.;ZSC2;902101;0,001;10274;902101;02-LHEM
8100000000;121;5000;CUERPOS HEINZ PRUEBA DIRECTA;ZSC2;902102;0,001;10274;902102;02-LREF
8100000000;122;5000;CUERPOS HEINZ PRUEBA INDUCIDA FENILHIDRA;ZSC2;902103;0,001;10274;902103;02-LHEM
8100000000;123;5000;DIMERO D;ZSC2;902104;0,001;10274;902104;02-LHEM
8100000000;124;5000;ERITROPOYETINA;ZSC2;902106;0,001;10274;902106;02-LREF
8100000000;125;5000;FRAGILIDAD OSMOTICA ERITROCITOS;ZSC2;902107;0,001;10274;902107;02-LREF
8100000000;126;5000;GLUCOSA 6 FOSFATO DESHIDROGENASA CUANTIT;ZSC2;902109;0,001;10274;902109;02-LREF
8100000000;127;5000;HEMOGLOBINA A 2;ZSC2;902110;0,001;10274;902110;02-LREF
8100000000;128;5000;HEMOGLOBINA FETAL SEMIAUTOMATIZADA;ZSC2;902111;0,001;10274;902111;02-LREF
8100000000;129;5000;HEMOGLOBINA FETAL AUTOMATIZADA;ZSC2;902112;0,001;10274;902112;02-LHEM
8100000000;130;5000;HEMOGLOBINA PLASMATICA;ZSC2;902113;0,001;10274;902113;02-LHEM
8100000000;131;5000;HEMOGLOBINA MATERNA Y FETAL;ZSC2;902114;0,001;10274;902114;02-LHEM
8100000000;132;5000;HEMOLISIS ACIDA PRUEBA DE HAM;ZSC2;902115;0,001;10274;902115;02-LREF
8100000000;133;5000;METAHEMOGLOBINA CUANTITATIVA;ZSC2;902118;0,001;10274;902118;02-LREF
8100000000;134;5000;PRUEBA NEUTRALIZACION PLAQUETARIA PNP;ZSC2;902119;0,001;10274;902119;02-LCOA
8100000000;135;5000;PLASMINOGENO ACTIVADOR TISULAR;ZSC2;902120;0,001;10274;902120;02-LCOA
8100000000;136;5000;PRUEBA CICLAJE FALCIFORMES DREPANOCITOS;ZSC2;902121;0,001;10274;902121;02-LREF
8100000000;137;5000;ERITROSEDIMENTACION VSG MANUAL;ZSC2;902204;0,001;10274;902204;05-PRYP
8100000000;138;5000;ERITROSEDIMENTACION VSG AUTOMATIZADA;ZSC2;902205;0,001;10274;902205;02-LHEM
8100000000;139;5000;EXTENDIDO SANGRE PERIFERICA FSP;ZSC2;902206;0,001;10274;902206;05-PRYP
8100000000;140;5000;HEMOGRAMA III;ZSC2;902209;0,001;10274;902209;05-PRYP
8100000000;141;5000;HEMOGRAMA IV;ZSC2;902210;0,001;10274;902210;02-LHEM
8100000000;142;5000;HEMOGLOBINA;ZSC2;902213;0,001;10274;902213;05-PRYP
8100000000;143;5000;HEMOPARASITOS GOTA GRUESA;ZSC2;902214;0,001;10274;902214;02-LHEM
8100000000;144;5000;HEMOPARASITOS SANGRE PERIFERICA;ZSC2;902215;0,001;10274;902215;02-LHEM
8100000000;145;5000;LEUCOGRAMA;ZSC2;902216;0,001;10274;902216;02-LHEM
8100000000;146;5000;PRUEBA TORNIQUETE FRAGILIDAD CAPILAR;ZSC2;902217;0,001;10274;902217;02-LREF
8100000000;147;5000;RECUENTO EOSINOFILOS CUALQUIER MUESTRA;ZSC2;902218;0,001;10274;902218;02-LHEM
8100000000;148;5000;RECUENTO EOSINOFILOS MATERIA FECAL;ZSC2;90221801;0,001;10274;90221801;02-LHEM
8100000000;149;5000;RECUENTO EOSINOFILOS SANGRE;ZSC2;90221802;0,001;10274;90221802;02-LHEM
8100000000;150;5000;EOSINOFILOS MOCO NASAL;ZSC2;902219;0,001;10274;902219;02-LMIC
8100000000;151;5000;RECUENTO PLAQUETAS AUTOMATIZADO;ZSC2;902220;0,001;10274;902220;05-PRYP
8100000000;152;5000;RECUENTO PLAQUETAS MANUAL;ZSC2;902221;0,001;10274;902221;02-LHEM
8100000000;153;5000;RECUENTO RETICULOCITOS MANUAL;ZSC2;902223;0,001;10274;902223;02-LHEM
8100000000;154;5000;RECUENTO RETICULOCITOS AUTOMATIZADO;ZSC2;902224;0,001;10274;902224;02-LHEM
8100000000;155;5000;TITULO ANTI D;ZSC2;902225;0,001;10274;902225;02-LSTRAN
8100000000;156;5000;PRUEBA SUCROSA ERITROCITOS TEST HARTMAN;ZSC2;902226;0,001;10274;902226;02-LHEM
8100000000;157;5000;ALFA 2 MACROGLOBULINA;ZSC2;903001;0,001;10274;903001;02-LREF
8100000000;158;5000;ALFA FETOPROTEINA LIQUIDO AMNIOTICO;ZSC2;903002;0,001;10274;903002;02-LBIOQU
8100000000;159;5000;BICARBONATO ORINA;ZSC2;903003;0,001;10274;903003;02-LBIOQU
8100000000;160;5000;BICARBONATO SUERO;ZSC2;90300301;0,001;10274;90300301;02-LBIOQU
8100000000;161;5000;CALCULO BILIAR ANALISIS;ZSC2;903004;0,001;10274;903004;02-LREF
8100000000;162;5000;CALCULO RENAL ANALISIS;ZSC2;903005;0,001;10274;903005;02-LREF
8100000000;163;5000;CAROTENOS;ZSC2;903006;0,001;10274;903006;02-LREF
8100000000;164;5000;CATECOLAMINAS DIFERENCIADAS ORINA 24H;ZSC2;903007;0,001;10274;903007;02-LREF
8100000000;165;5000;CATECOLAMINAS DIFERENCIADAS PLASMA;ZSC2;903008;0,001;10274;903008;02-LREF
8100000000;166;5000;DEOXIPIRIDINOLINA;ZSC2;903011;0,001;10274;903011;02-LQUS
8100000000;167;5000;ESPERMOGRAMA COMPLETO;ZSC2;903013;0,001;10274;903013;02-LREF
8100000000;168;5000;ESPERMOGRAMA COMPLETO ESTUDIO INFERTILID;ZSC2;90301301;0,001;10274;90301301;02-LREF
8100000000;169;5000;FERRITINA;ZSC2;903016;0,001;10274;903016;05-PRYP
8100000000;170;5000;FOSFATASA ALCALINA ISOENZIMA;ZSC2;903017;0,001;10274;903017;02-LBIOQU
8100000000;171;5000;HAPTOGLOBINA AUTOMATIZADA;ZSC2;903021;0,001;10274;903021;02-LQUS
8100000000;172;5000;HOMOCISTEINA;ZSC2;903022;0,001;10274;903022;02-LBIOQU
8100000000;173;5000;HOMOCISTEINA PLASMA;ZSC2;90302201;0,001;10274;90302201;02-LBIOQU
8100000000;174;5000;HOMOCISTEINA ORINA CUANTITATIVA;ZSC2;90302202;0,001;10274;90302202;02-LBIOQU
8100000000;175;5000;LACTOGENO PLACENTARIO;ZSC2;903024;0,001;10274;903024;02-LREF
8100000000;176;5000;METANEFRINAS TOTALES ORINA 24H;ZSC2;903025;0,001;10274;903025;02-LBIOQU
8100000000;177;5000;MICROALBUMINURIA AUTOMAT ORINA PARCIAL;ZSC2;903026;0,001;10274;903026;02-LQUS
8100000000;178;5000;MICROALBUMINURIA AUTOMAT ORINA 24H;ZSC2;903027;0,001;10274;903027;02-LBIOQU
8100000000;179;5000;MIOGLOBINA CARDIACA;ZSC2;903030;0,001;10274;903030;02-LREF
8100000000;180;5000;MIOGLOBINA EN ORINA;ZSC2;903031;0,001;10274;903031;02-LREF
8100000000;181;5000;N-TELEPEPTIDO;ZSC2;903032;0,001;10274;903032;02-LBIOQU
8100000000;182;5000;OSMOLARIDAD ORINA;ZSC2;903033;0,001;10274;903033;02-LREF
8100000000;183;5000;OSMOLARIDAD SUERO;ZSC2;903034;0,001;10274;903034;02-LREF
8100000000;184;5000;OSTEOCALCINA;ZSC2;903035;0,001;10274;903035;02-LREF
8100000000;185;5000;OXALATOS ORINA;ZSC2;903036;0,001;10274;903036;02-LREF
8100000000;186;5000;PIRIDINOLINA ORINA;ZSC2;903037;0,001;10274;903037;02-LBIOQU
8100000000;187;5000;PORFIRINAS CUANTITATIVA ORINA 24H;ZSC2;903038;0,001;10274;903038;02-LBIOQU
8100000000;188;5000;PORFIRINAS TOTALES SANGRE;ZSC2;903039;0,001;10274;903039;02-LBIOQU
8100000000;189;5000;PORFOBILINOGENO CUALITAT ORINA PARCIAL;ZSC2;903040;0,001;10274;903040;02-LBIOQU
8100000000;190;5000;PORFOBILINOGENO CUANTITAT ORINA 24H;ZSC2;903041;0,001;10274;903041;02-LREF
8100000000;191;5000;PROTEINA TRANSPOR HORMONAS SEXUALES PTHS;ZSC2;903042;0,001;10274;903042;02-LEND
8100000000;192;5000;SATURACION TRANSFERRINA;ZSC2;903044;0,001;10274;903044;02-LQUS
8100000000;193;5000;TRANSFERRINA AUTOMATIZADA;ZSC2;903046;0,001;10274;903046;02-LQUS
8100000000;194;5000;TRIPSINA MATERIA FECAL;ZSC2;903047;0,001;10274;903047;02-LBIOQU
8100000000;195;5000;DOBLE MARCADOR 1 TRIM PAPPA-A BHCG LIBRE;ZSC2;903049;0,001;10274;903049;02-LEND
8100000000;196;5000;TRIPLE MARCADOR 2 TRIM AFP BHCG ESTRIOL;ZSC2;903050;0,001;10274;903050;02-LEND
8100000000;197;5000;UROPORFIRINAS CUALITATIVAS;ZSC2;903051;0,001;10274;903051;02-LBIOQU
8100000000;198;5000;CITRATOS ORINA 24H;ZSC2;903052;0,001;10274;903052;02-LBIOQU
8100000000;199;5000;C-TELOPEPTIDO;ZSC2;903054;0,001;10274;903054;02-LBIOQU
8100000000;200;5000;PORFIRINAS CUANTITATIVA ORINA PARCIAL;ZSC2;903056;0,001;10274;903056;02-LBIOQU
8100000000;201;5000;PORFIRINAS DIFERENCIADAS SANGRE;ZSC2;903057;0,001;10274;903057;02-LBIOQU
8100000000;202;5000;METANEFRINAS ORINA PARCIAL;ZSC2;903058;0,001;10274;903058;02-LBIOQU
8100000000;203;5000;METANEFRINAS DIFERENCIADAS ORINA 24H;ZSC2;903059;0,001;10274;903059;02-LBIOQU
8100000000;204;5000;GASES EN SANGRE VENOSA;ZSC2;903062;0,001;10274;903062;02-LQUS
8100000000;205;5000;PRO PEPTIDO ATRIAL NATRIURETICO PRO-BNP;ZSC2;903065;0,001;10274;903065;02-LBIOQU
8100000000;206;5000;PEPTIDO ATRIAL NATRIURETICO BNP;ZSC2;903066;0,001;10274;903066;02-LBIOQU
8100000000;207;5000;ACIDOS BILIARES TOTALES;ZSC2;903101;0,001;10274;903101;02-LBIOQU
8100000000;208;5000;ACIDO 5 HIDROXI INDOLACETICO ORINA 24H;ZSC2;903103;0,001;10274;903103;02-LREF
8100000000;209;5000;ACIDO DELTA AMINOLEVULINICO ORINA 24H;ZSC2;903104;0,001;10274;903104;02-LREF
8100000000;210;5000;ACIDO FOLICO FOLATOS EN SUERO;ZSC2;903105;0,001;10274;903105;02-LEND
8100000000;211;5000;ACIDO FOLICO EN ERITROCITOS;ZSC2;903106;0,001;10274;903106;02-LREF
8100000000;212;5000;ACIDO FORMICO ORINA;ZSC2;903107;0,001;10274;903107;02-LREF
8100000000;213;5000;ACIDO HOMOVALINICO ORINA 24H;ZSC2;903109;0,001;10274;903109;02-LREF
8100000000;214;5000;ACIDO LACTICO LACTATO;ZSC2;903110;0,001;10274;903110;02-LREF
8100000000;215;5000;ACIDO LACTICO LACTATO EQUIPO GASES;ZSC2;90311001;0,001;10274;90311001;02-LBIOQU
8100000000;216;5000;ACIDO LACTICO LACTATO EN LCR;ZSC2;90311002;0,001;10274;90311002;02-LBIOQU
8100000000;217;5000;ACIDO PIRUVICO PIRUVATO;ZSC2;903112;0,001;10274;903112;02-LREF
8100000000;218;5000;ACIDO VANILMANDELICO ORINA 24H;ZSC2;903113;0,001;10274;903113;02-LREF
8100000000;219;5000;ACIDOS BILIARES FRACCIONADOS;ZSC2;903114;0,001;10274;903114;02-LBIOQU
8100000000;220;5000;GALACTOSA;ZSC2;903301;0,001;10274;903301;02-LREF
8100000000;221;5000;CURVA LACTOSA;ZSC2;903302;0,001;10274;903302;02-LBIOQU
8100000000;222;5000;ADENOSIN DEAMINASA ADA EN LIQ CORPORALES;ZSC2;903401;0,001;10274;903401;02-LREF
8100000000;223;5000;ADENOSIN DEAMINASA ADA EN SANGRE;ZSC2;90340101;0,001;10274;90340101;02-LBIOQU
8100000000;224;5000;ALDOLASA;ZSC2;903402;0,001;10274;903402;02-LREF
8100000000;225;5000;ALFA 1 ANTITRIPSINA AUTOMATIZADA;ZSC2;903406;0,001;10274;903406;02-LREF
8100000000;226;5000;ALFA 1 ANTITRIPSINA FECAL;ZSC2;90340601;0,001;10274;90340601;02-LREF
8100000000;227;5000;ALFA 1 GLICOPROTEINA ACIDA U OROMUCOIDE;ZSC2;903407;0,001;10274;903407;02-LREF
8100000000;228;5000;ALFA 2 ANTIPLASMINA CROMOGENICA;ZSC2;903408;0,001;10274;903408;02-LBIOQU
8100000000;229;5000;APOLIPOPROTEINAS A1 AUTOMATIZADA;ZSC2;903411;0,001;10274;903411;02-LREF
8100000000;230;5000;APOLIPOPROTEINAS B AUTOMATIZADA;ZSC2;903412;0,001;10274;903412;02-LBIOQU
8100000000;231;5000;CERULOPLASMINA AUTOMATIZADA;ZSC2;903417;0,001;10274;903417;02-LREF
8100000000;232;5000;COLINESTERASA EN ERITROCITOS;ZSC2;903419;0,001;10274;903419;02-LREF
8100000000;233;5000;COLINESTERASA SERICA;ZSC2;903420;0,001;10274;903420;02-LREF
8100000000;234;5000;COPROPORFIRINAS ORINA 24H;ZSC2;903422;0,001;10274;903422;02-LBIOQU
8100000000;235;5000;D - XILOSA PRUEBA DE ABSORCION;ZSC2;903423;0,001;10274;903423;02-LREF
8100000000;236;5000;DESHIDROGENASA HIDROXIBUTIRICA;ZSC2;903424;0,001;10274;903424;02-LBIOQU
8100000000;237;5000;FRUCTOSAMINA;ZSC2;903425;0,001;10274;903425;02-LREF
8100000000;238;5000;HEMOGLOBINA GLICOSILADA HbA1C;ZSC2;903426;0,001;10274;903426;02-LHEM
8100000000;239;5000;HEMOSIDERINA ORIA PARCIAL;ZSC2;903428;0,001;10274;903428;02-LREF
8100000000;240;5000;LEUCINA AMINOPEPTIDASA;ZSC2;903430;0,001;10274;903430;02-LREF
8100000000;241;5000;LIPOPROTEINA A;ZSC2;903431;0,001;10274;903431;02-LREF
8100000000;242;5000;NUCLEOTIDASA 5;ZSC2;903432;0,001;10274;903432;02-LBIOQU
8100000000;243;5000;PROTOPORFIRINA ZINC ERITROCITARIA;ZSC2;903433;0,001;10274;903433;02-LREF
8100000000;244;5000;SEROTONINA 5 HIDROXI-TRIPTAMINA EN SUERO;ZSC2;903434;0,001;10274;903434;02-LREF
8100000000;245;5000;SEROTONINA 5 HIDROXI-TRIPTAMINA ORINA 24;ZSC2;903435;0,001;10274;903435;02-LREF
8100000000;246;5000;TROPONINA I CUANTITATIVA;ZSC2;903437;0,001;10274;903437;02-LBIOQU
8100000000;247;5000;TROPONINA T CUANTITATIVA;ZSC2;903439;0,001;10274;903439;02-LQUS
8100000000;248;5000;LIQUIDO AMNIOTICO CURVA ESPECTRAL LILEY;ZSC2;903501;0,001;10274;903501;02-LBIOQU
8100000000;249;5000;INDICE MADUREZ FETAL PULMONAR;ZSC2;903502;0,001;10274;903502;02-LREF
8100000000;250;5000;LIQUIDO PERICARDICO EXAMEN FISICOCITOQUI;ZSC2;903503;0,001;10274;903503;02-LBIOQU
8100000000;251;5000;LIQUIDO SINOVIAL EXAMEN FISICOCITOQUIM;ZSC2;903504;0,001;10274;903504;02-LBIOQU
8100000000;252;5000;FACTOR REUMATOIDEO EN LIQUIDO SINOVIAL;ZSC2;90350401;0,001;10274;90350401;02-LREF
8100000000;253;5000;LIQUIDO SINOVIAL CRISTALES;ZSC2;903505;0,001;10274;903505;02-LMICRO
8100000000;254;5000;OTROS LIQUIDOS EXAMEN FISICOCITOQUIM;ZSC2;903506;0,001;10274;903506;02-LBIOQU
8100000000;255;5000;ALUMINIO ORINA 24H;ZSC2;903601;0,001;10274;903601;02-LBIOQU
8100000000;256;5000;AMONIO;ZSC2;903602;0,001;10274;903602;02-LREF
8100000000;257;5000;CALCIO;ZSC2;903603;0,001;10274;903603;02-LBIOQU
8100000000;258;5000;CALIO IONICO;ZSC2;903604;0,001;10274;903604;02-LQUS
8100000000;259;5000;IONOGRAMA [CL NA K HCO3 O CA];ZSC2;903605;0,001;10274;903605;02-LBIOQU
8100000000;260;5000;IONTOFORESIS POST ESTIMULACIÓN PILOCARPI;ZSC2;903607;0,001;10274;903607;02-LBIOQU
8100000000;261;5000;ZINC;ZSC2;903608;0,001;10274;903608;02-LREF
8100000000;262;5000;ZINC ORINA 24H;ZSC2;903609;0,001;10274;903609;02-LREF
8100000000;263;5000;ALUMINIO ORINA PARCIAL;ZSC2;903610;0,001;10274;903610;02-LBIOQU
8100000000;264;5000;ALUMINIO SUERO;ZSC2;903611;0,001;10274;903611;02-LBIOQU
8100000000;265;5000;VITAMINA A RETINOL;ZSC2;903701;0,001;10274;903701;02-LREF
8100000000;266;5000;VITAMINA B1 TIAMINA;ZSC2;903702;0,001;10274;903702;02-LREF
8100000000;267;5000;VITAMINA B12 CIANOCOBALAMINA;ZSC2;903703;0,001;10274;903703;05-PRYP
8100000000;268;5000;VITAMINA B2 RIBOFLAVINA;ZSC2;903704;0,001;10274;903704;02-LREF
8100000000;269;5000;VITAMINA B6 PIRIDOXINA;ZSC2;903705;0,001;10274;903705;02-LREF
8100000000;270;5000;VITAMINA D 25 HIDROXI TOTAL D2-D3 CALCIF;ZSC2;903706;0,001;10274;903706;02-LEND
8100000000;271;5000;VITAMINA D 125 DIHIDROXI D2-D3 CALCIFIDO;ZSC2;903707;0,001;10274;903707;02-LQUS
8100000000;272;5000;VITAMINA E TOCOFEROL;ZSC2;903708;0,001;10274;903708;02-LREF
8100000000;273;5000;VITAMINA C ACIDO ASCORBICO;ZSC2;903709;0,001;10274;903709;02-LEND
8100000000;274;5000;ACIDO URICO EN SUERO U OTROS FLUIDOS;ZSC2;903801;0,001;10274;903801;02-LBIOQU
8100000000;275;5000;ACIDO URICO EN ORINA 24H;ZSC2;903802;0,001;10274;903802;02-LBIOQU
8100000000;276;5000;ALBUMINA EN SUERO U OTROS FLUIDOS;ZSC2;903803;0,001;10274;903803;02-LQUS
8100000000;277;5000;ALBUMINA ORINA 24H;ZSC2;903804;0,001;10274;903804;02-LBIOQU
8100000000;278;5000;AMILASA EN SUERO U OTROS FLUIDOS;ZSC2;903805;0,001;10274;903805;02-LQUS
8100000000;279;5000;AMILASA PANCREATICA;ZSC2;90380501;0,001;10274;90380501;02-LBIOQU
8100000000;280;5000;AMILASA EN ORINA DE 2 HORAS;ZSC2;90380502;0,001;10274;90380502;02-LBIOQU
8100000000;281;5000;AMILASA EN ORINA DE 24 HORAS;ZSC2;903806;0,001;10274;903806;02-LBIOQU
8100000000;282;5000;ASPIRADO GASTRICO EXAMEN FISICOCITOQUIM;ZSC2;903807;0,001;10274;903807;02-LBIOQU
8100000000;283;5000;BALANCE NITROGENADO INDICE CATABOLICO;ZSC2;903808;0,001;10274;903808;02-LBIOQU
8100000000;284;5000;BILIRRUBINAS TOTAL Y DIRECTA;ZSC2;903809;0,001;10274;903809;02-LQUS
8100000000;285;5000;CALCIO EN ORINA 24H;ZSC2;903811;0,001;10274;903811;02-LQUS
8100000000;286;5000;CAPACIDAD DE COMBINACION DEL HIERRO TIBC;ZSC2;903812;0,001;10274;903812;02-LQUS
8100000000;287;5000;CLORO;ZSC2;903813;0,001;10274;903813;02-LBIOQU
8100000000;288;5000;CLORO EN ORINA 24H;ZSC2;903814;0,001;10274;903814;02-LQUS
8100000000;289;5000;COLESTEROL DE ALTA DENSIDAD HDL;ZSC2;903815;0,001;10274;903815;05-PRYP
8100000000;290;5000;COLESTEROL DE BAJA DENSIDAD LDL;ZSC2;903816;0,001;10274;903816;05-PRYP
8100000000;291;5000;COLESTEROL DE MUY BAJA DENSIDAD VLDL SEM;ZSC2;90381601;0,001;10274;90381601;02-LBIOQU
8100000000;292;5000;COLESTEROL DE BAJA DENSIDAD LDL AUTOM;ZSC2;903817;0,001;10274;903817;05-PRYP
8100000000;293;5000;COLESTEROL TOTAL;ZSC2;903818;0,001;10274;903818;05-PRYP
8100000000;294;5000;CREATIN QUINASA FRACCION MB CPK MB;ZSC2;903820;0,001;10274;903820;02-LBIOQU
8100000000;295;5000;CREATIN QUINASA TOTAL CK-CPK CPK;ZSC2;903821;0,001;10274;903821;02-LQUS
8100000000;296;5000;CREATINA;ZSC2;903822;0,001;10274;903822;02-LBIOQU
8100000000;297;5000;CREATININA DEPURACION;ZSC2;903823;0,001;10274;903823;02-LQUS
8100000000;298;5000;CREATININA EN ORINA 24H;ZSC2;903824;0,001;10274;903824;05-PRYP
8100000000;299;5000;CUERPOS CETONICOS O CETONAS EN ORINA;ZSC2;903826;0,001;10274;903826;02-LPAR
8100000000;300;5000;CUERPOS CETONICOS O CETONAS EN SANGRE;ZSC2;903827;0,001;10274;903827;02-LREF
8100000000;301;5000;DESHIDROGENASA LACTICA;ZSC2;903828;0,001;10274;903828;02-LQUS
8100000000;302;5000;DESHIDROGENASA LACTICA ISOENZIMAS;ZSC2;903829;0,001;10274;903829;02-LREF
8100000000;303;5000;FOSFATASA ACIDA;ZSC2;903830;0,001;10274;903830;02-LREF
8100000000;304;5000;FOSFATASA ACIDA FRACCION PROSTATICA AUTO;ZSC2;903832;0,001;10274;903832;02-LBIOQU
8100000000;305;5000;FOSFATASA ALCALINA;ZSC2;903833;0,001;10274;903833;02-LQUS
8100000000;306;5000;FOSFATASA ALCALINA ESPECIFICA DE HUESO;ZSC2;903834;0,001;10274;903834;02-LREF
8100000000;307;5000;RAST GLUTEN Ig E ESPECIFICA;ZSC2;90383442;0,001;10274;90383442;02-LINM
8100000000;308;5000;FOSFORO EN SUERO U OTROS FLUIDOS;ZSC2;903835;0,001;10274;903835;02-LBIOQU
8100000000;309;5000;FOSFORO EN ORINA DE 24 HORAS;ZSC2;903836;0,001;10274;903836;02-LQUO
8100000000;310;5000;FRACCION EXCRETADA DE SODIO;ZSC2;903837;0,001;10274;903837;02-LREF
8100000000;311;5000;GAMMA GLUTAMIL TRANSFERASA;ZSC2;903838;0,001;10274;903838;02-LQUS
8100000000;312;5000;GASES ARTERIALES EN REPOSO O EN EJERCICI;ZSC2;903839;0,001;10274;903839;02-LQUS
8100000000;313;5000;GLUCOSA EN ORINA;ZSC2;903840;0,001;10274;903840;02-LQUO
8100000000;314;5000;GLUCOSA SUERO U OTRO FLUIDO DIFERENT ORI;ZSC2;903841;0,001;10274;903841;05-PRYP
8100000000;315;5000;GLUCOSA EN SUERO 12PM;ZSC2;90384101;0,001;10274;90384101;05-PRYP
8100000000;316;5000;GLUCOSA EN SUERO 4PM;ZSC2;90384102;0,001;10274;90384102;02-LBIOQU
8100000000;317;5000;GLUCOSA PRE Y POST CARGA DE GLUCOSA;ZSC2;903842;0,001;10274;903842;02-LQUS
8100000000;318;5000;GLUCOSA PRE Y POST PRANDIAL;ZSC2;903843;0,001;10274;903843;02-LQUS
8100000000;319;5000;GLUCOSA CURVA DE TOLERANCIA;ZSC2;903844;0,001;10274;903844;02-LBIOQU
8100000000;320;5000;GLUCOSA TEST O’ SULLIVAN;ZSC2;903845;0,001;10274;903845;02-LBIOQU
8100000000;321;5000;HIERRO TOTAL;ZSC2;903846;0,001;10274;903846;05-PRYP
8100000000;322;5000;LIPASA;ZSC2;903847;0,001;10274;903847;02-LQUS
8100000000;323;5000;LIQUIDO AMNIOTICO EXAMEN FISICOCITOQUIM;ZSC2;903848;0,001;10274;903848;02-LMIC
8100000000;324;5000;LIQUIDO ASCITICO EXAMEN FISICOCITOQUIM;ZSC2;903849;0,001;10274;903849;02-LMIC
8100000000;325;5000;LIQUIDO CEFALORRAQUIDEO LCR EXAMEN;ZSC2;903850;0,001;10274;903850;02-LMIC
8100000000;326;5000;LIQUIDO PERITONEAL EXAMEN FISICOCITOQUIM;ZSC2;903851;0,001;10274;903851;02-LMIC
8100000000;327;5000;LIQUIDO PLEURAL EXAMEN FISICOCITOQUIM;ZSC2;903852;0,001;10274;903852;02-LMIC
8100000000;328;5000;LIQUIDO SINOVIAL EXAMEN FISICOCITOQUIM;ZSC2;903853;0,001;10274;903853;02-LMIC
8100000000;329;5000;MAGNESIO EN SUERO U OTROS FLUIDOS;ZSC2;903854;0,001;10274;903854;02-LQUS
8100000000;330;5000;MAGNESIO EN ORINA DE 24 HORAS;ZSC2;903855;0,001;10274;903855;02-LQUO
8100000000;331;5000;NITROGENO UREICO;ZSC2;903856;0,001;10274;903856;05-PRYP
8100000000;332;5000;NITROGENO UREICO EN ORINA PARCIAL;ZSC2;90385601;0,001;10274;90385601;02-LQUS
8100000000;333;5000;NITROGENO UREICO EN ORINA DE 24 HORAS;ZSC2;903857;0,001;10274;903857;02-LQUO
8100000000;334;5000;OSMOLARIDAD CALCULADA;ZSC2;903858;0,001;10274;903858;02-LBIOQU
8100000000;335;5000;POTASIO EN SUERO U OTROS FLUIDOS;ZSC2;903859;0,001;10274;903859;02-LQUO
8100000000;336;5000;POTASIO EN ORINA DE 24 HORAS;ZSC2;903860;0,001;10274;903860;02-LQUO
8100000000;337;5000;PROTEINAS DIFERENCIADAS ALBUMINA GLOBULI;ZSC2;903861;0,001;10274;903861;02-LQUS
8100000000;338;5000;PROTEINAS EN ORINA DE 24 HORAS;ZSC2;903862;0,001;10274;903862;02-LBIOQU
8100000000;339;5000;PROTEINAS TOTALES EN SUERO Y OTROS FLUID;ZSC2;903863;0,001;10274;903863;02-LQUS
8100000000;340;5000;PROTEINAS TOTALES REPOSO ORINA 12H;ZSC2;90386301;0,001;10274;90386301;05-PRYP
8100000000;341;5000;PROTEINAS TOTALES ACTIVIDAD ORINA 12H;ZSC2;90386302;0,001;10274;90386302;02-LBIOQU
8100000000;342;5000;SODIO EN SUERO U OTROS FLUIDOS;ZSC2;903864;0,001;10274;903864;02-LQUS
8100000000;343;5000;SODIO EN ORINA DE 24 HORAS;ZSC2;903865;0,001;10274;903865;02-LBIOQU
8100000000;344;5000;TRANSAMINASA GLUTAMICOPIRUVICA TGP;ZSC2;903866;0,001;10274;903866;02-LQUS
8100000000;345;5000;TRANSAMINASA GLUTAMICO OXALACETICA TGO;ZSC2;903867;0,001;10274;903867;02-LQUS
8100000000;346;5000;TRIGLICERIDOS;ZSC2;903868;0,001;10274;903868;05-PRYP
8100000000;347;5000;UREA EN SANGRE U OTROS FLUIDOS;ZSC2;903869;0,001;10274;903869;02-LBIOQU
8100000000;348;5000;UREA EN ORINA DE 24 HORAS;ZSC2;903870;0,001;10274;903870;02-LBIOQU
8100000000;349;5000;AMILASA EN ORINA PARCIAL;ZSC2;903871;0,001;10274;903871;02-LBIOQU
8100000000;350;5000;SODIO EN ORINA PARCIAL;ZSC2;903872;0,001;10274;903872;02-LBIOQU
8100000000;351;5000;CALCIO EN ORINA PARCIAL;ZSC2;903873;0,001;10274;903873;02-LBIOQU
8100000000;352;5000;PROTEINAS TOTALES EN ORINA PARCIAL;ZSC2;903874;0,001;10274;903874;02-LBIOQU
8100000000;353;5000;FOSFORO EN ORINA PARCIAL;ZSC2;903875;0,001;10274;903875;02-LBIOQU
8100000000;354;5000;CREATININA EN ORINA PARCIAL;ZSC2;903876;0,001;10274;903876;02-LBIOQU
8100000000;355;5000;ACIDO URICO EN ORINA PARCIAL;ZSC2;903877;0,001;10274;903877;02-LBIOQU
8100000000;356;5000;POTASIO EN ORINA PARCIAL;ZSC2;903878;0,001;10274;903878;02-LBIOQU
8100000000;357;5000;MAGNESIO EN ORINA PARCIAL;ZSC2;903879;0,001;10274;903879;02-LBIOQU
8100000000;358;5000;CLORO EN ORINA PARCIAL;ZSC2;903880;0,001;10274;903880;02-LBIOQU
8100000000;359;5000;CREATINA EN ORINA DE 24 HORAS;ZSC2;903881;0,001;10274;903881;02-LBIOQU
8100000000;360;5000;GLUCOSA SEMIAUTOMATIZADA GLUCOMETRIA;ZSC2;903883;0,001;10274;903883;02-LBIOQU
8100000000;361;5000;TEST O'SULLIVAN CONFIRMATORIO 4 MUESTRAS;ZSC2;903884;0,001;10274;903884;02-LBIOQU
8100000000;362;5000;CURVA GLUCOSA 3H (0 30 60 90 120 180 MIN;ZSC2;903885;0,001;10274;903885;02-LBIOQU
8100000000;363;5000;CURVA GLUCOSA 2H (0 60 120 MIN);ZSC2;903886;0,001;10274;903886;02-LBIOQU
8100000000;364;5000;CURVA GLUCOSA 2H (0 30 60 120 MIN);ZSC2;903887;0,001;10274;903887;02-LBIOQU
8100000000;365;5000;CURVA GLUCOSA 2H (0 30 60 90 120 MIN);ZSC2;903888;0,001;10274;903888;02-LBIOQU
8100000000;366;5000;CURVA GLUCOSA 3H (0 30 60 120 180 MIN);ZSC2;903889;0,001;10274;903889;02-LBIOQU
8100000000;367;5000;CURVA GLUCOSA 4H (0 30 60 120 180 240 M);ZSC2;903890;0,001;10274;903890;02-LBIOQU
8100000000;368;5000;CURVA GLUCOSA 4H (0 30 60 90 120 180 240;ZSC2;903891;0,001;10274;903891;02-LBIOQU
8100000000;369;5000;CURVA GLUCOSA 5H (0 30 60 120 180 240 30;ZSC2;903892;0,001;10274;903892;02-LBIOQU
8100000000;370;5000;CURVA GLUCOSA 5H (0 30 60 90 120 180 240;ZSC2;903893;0,001;10274;903893;02-LBIOQU
8100000000;371;5000;CURVA GLUCOSA 6H (0 30 60 120 180 240 30;ZSC2;903894;0,001;10274;903894;02-LBIOQU
8100000000;372;5000;CREATININA EN SUERO U OTROS FLUIDOS;ZSC2;903895;0,001;10274;903895;02-LBIOQU
8100000000;373;5000;ANGIOTENSINA II;ZSC2;904001;0,001;10274;904001;02-LREF
8100000000;374;5000;ENZIMA CONVERTIDORA ANGIOTENSINA;ZSC2;904002;0,001;10274;904002;02-LEND
8100000000;375;5000;ENZIMA CONVERTIDORA ANGIOTENSINA EN LCR;ZSC2;90400201;0,001;10274;90400201;02-LEND
8100000000;376;5000;RENINA TOTAL;ZSC2;904004;0,001;10274;904004;02-LEND
8100000000;377;5000;RENINA ACTIVIDAD PLASMATICA;ZSC2;904005;0,001;10274;904005;02-LEND
8100000000;378;5000;LEPTINA;ZSC2;904006;0,001;10274;904006;02-LEND
8100000000;379;5000;SOMATOMEDINA C IGF-1 FACTOR 1 CRECIM;ZSC2;904101;0,001;10274;904101;02-LEND
8100000000;380;5000;HORMONA ANTIDIURETICA;ZSC2;904102;0,001;10274;904102;02-LEND
8100000000;381;5000;HORMONA ADRENOCORTICOTROPICA;ZSC2;904103;0,001;10274;904103;02-LREF
8100000000;382;5000;HORMONA DE CRECIMIENTO SOMATOTROPICA;ZSC2;904104;0,001;10274;904104;02-LEND
8100000000;383;5000;HORMONA FOLICULO ESTIMULANTE FSH;ZSC2;904105;0,001;10274;904105;02-LEND
8100000000;384;5000;HORMONA LUTEINIZANTE;ZSC2;904107;0,001;10274;904107;02-LEND
8100000000;385;5000;PROLACTINA;ZSC2;904108;0,001;10274;904108;02-LEND
8100000000;386;5000;PROLACTINA [MEZCLA DE TRES MUESTRAS];ZSC2;904109;0,001;10274;904109;02-LEND
8100000000;387;5000;PROCALCITONINA;ZSC2;904112;0,001;10274;904112;02-LEND
8100000000;388;5000;HORM CRECIM SOMATOTROPICA PRE POST EJERC;ZSC2;904202;0,001;10274;904202;02-LREF
8100000000;389;5000;HORM CRECIM SOMATOTROPICA PRE POST CLONI;ZSC2;904205;0,001;10274;904205;02-LEND
8100000000;390;5000;HORM CRECIM SOMATOTROPICA PRE POST CLONI;ZSC2;90420502;0,001;10274;90420502;02-LEND
8100000000;391;5000;HORM CRECIM SOMATOTROPICA PRE POST GLUCO;ZSC2;904207;0,001;10274;904207;02-LEND
8100000000;392;5000;HORM CRECIM SOMATOTROPICA PRE POST GLUCO;ZSC2;90420701;0,001;10274;90420701;02-LEND
8100000000;393;5000;HORM CRECIM SOMATOTROPICA PRE POST GLUCO;ZSC2;90420702;0,001;10274;90420702;02-LEND
8100000000;394;5000;CORTISOL PRE Y POST SUPRESION CON DEXAME;ZSC2;904302;0,001;10274;904302;02-LEND
8100000000;395;5000;CORTISOL Y GLUCOSA PRE Y POST INSULINA H;ZSC2;904303;0,001;10274;904303;02-LEND
8100000000;396;5000;ESTRADIOL PRE Y POST GONADOTROPINA 2 MUE;ZSC2;904401;0,001;10274;904401;02-LEND
8100000000;397;5000;ANDROSTENEDIONA;ZSC2;904501;0,001;10274;904501;02-LEND
8100000000;398;5000;ESTRIOL LIBRE;ZSC2;904505;0,001;10274;904505;02-LEND
8100000000;399;5000;ESTROGENOS ESTRADIOL 17 BETA;ZSC2;904506;0,001;10274;904506;02-LEND
8100000000;400;5000;ESTRONA SEMIAUTOMATIZADO O AUTOMATIZADO;ZSC2;904507;0,001;10274;904507;02-LEND
8100000000;401;5000;GONADOTROPINA BHCG PRUEBA EMBARAZO ORINA;ZSC2;904508;0,001;10274;904508;02-LEND
8100000000;402;5000;HIDROXIPROGESTERONA 17 ALFA;ZSC2;904509;0,001;10274;904509;02-LEND
8100000000;403;5000;HIDROXIPROGESTERONA 17 ALFA PEDIATRICA;ZSC2;90450901;0,001;10274;90450901;02-LEND
8100000000;404;5000;PROGESTERONA;ZSC2;904510;0,001;10274;904510;02-LEND
8100000000;405;5000;TESTOSTERONA LIBRE;ZSC2;904601;0,001;10274;904601;02-LEND
8100000000;406;5000;TESTOSTERONA TOTAL;ZSC2;904602;0,001;10274;904602;02-LEND
8100000000;407;5000;GLUCAGON;ZSC2;904701;0,001;10274;904701;02-LEND
8100000000;408;5000;INSULINA PRE Y POST GLUCOSA;ZSC2;904702;0,001;10274;904702;02-LEND
8100000000;409;5000;INSULINA CURVA CINCO MUESTRAS;ZSC2;904703;0,001;10274;904703;02-LEND
8100000000;410;5000;INSULINA CADA MUESTRA;ZSC2;904704;0,001;10274;904704;02-LEND
8100000000;411;5000;INSULINA LIBRE;ZSC2;904705;0,001;10274;904705;02-LREF
8100000000;412;5000;PEPTIDO C;ZSC2;904706;0,001;10274;904706;02-LREF
8100000000;413;5000;PROINSULINA;ZSC2;904707;0,001;10274;904707;02-LEND
8100000000;414;5000;SOMATOSTATINA;ZSC2;904708;0,001;10274;904708;02-LEND
8100000000;415;5000;ADIPONECTINA;ZSC2;904709;0,001;10274;904709;02-LEND
8100000000;416;5000;PROTEINA TRANSPORTADORA DE SOMATOMEDINA;ZSC2;904710;0,001;10274;904710;02-LEND
8100000000;417;5000;CURVA INSULINA 2H (0 60 120 MIN);ZSC2;904711;0,001;10274;904711;02-LEND
8100000000;418;5000;CURVA INSULINA 2H (0 30 60 120 MIN);ZSC2;904712;0,001;10274;904712;02-LEND
8100000000;419;5000;CURVA INSULINA 3H (0 30 60 90 120 180 MI;ZSC2;904713;0,001;10274;904713;02-LEND
8100000000;420;5000;CURVA INSULINA 4H (0 30 60 120 180 240 M;ZSC2;904714;0,001;10274;904714;02-LEND
8100000000;421;5000;CURVA INSULINA 4H (0 30 60 90 120 180 24;ZSC2;904715;0,001;10274;904715;02-LEND
8100000000;422;5000;CURVA INSULINA 5H (0 30 60 120 180 240 3;ZSC2;904716;0,001;10274;904716;02-LEND
8100000000;423;5000;CURVA INSULINA 5H (0 30 60 90 120 180 24;ZSC2;904717;0,001;10274;904717;02-LEND
8100000000;424;5000;CURVA INSULINA 6H (0 30 60 120 180 240 3;ZSC2;904718;0,001;10274;904718;02-LEND
8100000000;425;5000;ALDOSTERONA;ZSC2;904801;0,001;10274;904801;02-LREF
8100000000;426;5000;ALDOSTERONA EN PLASMA;ZSC2;90480101;0,001;10274;90480101;02-LEND
8100000000;427;5000;ALDOSTERONA EN ORINA;ZSC2;904802;0,001;10274;904802;02-LREF
8100000000;428;5000;ANDROSTENEDIOL GLUCURONIDO 3 ALFA;ZSC2;904803;0,001;10274;904803;02-LREF
8100000000;429;5000;CETOESTEROIDES 17;ZSC2;904804;0,001;10274;904804;02-LREF
8100000000;430;5000;CORTISOL EN  ORINA PARCIAL;ZSC2;904805;0,001;10274;904805;02-LREF
8100000000;431;5000;CORTISOL DOS MUESTRAS AM PM;ZSC2;904806;0,001;10274;904806;02-LEND
8100000000;432;5000;CORTISOL LIBRE EN ORINA DE 24 HORAS;ZSC2;904807;0,001;10274;904807;02-LREF
8100000000;433;5000;DEHIDROEPINANDROSTERONA;ZSC2;904808;0,001;10274;904808;02-LEND
8100000000;434;5000;DEHIDROEPINANDROSTERONA SULFATO DHEA SO4;ZSC2;904809;0,001;10274;904809;02-LEND
8100000000;435;5000;DEOXICORTISOL 11;ZSC2;904810;0,001;10274;904810;02-LEND
8100000000;436;5000;HIDROXICORTICOSTEROIDES 17;ZSC2;904811;0,001;10274;904811;02-LEND
8100000000;437;5000;CORTISOL AM;ZSC2;904812;0,001;10274;904812;02-LEND
8100000000;438;5000;CORTISOL PM;ZSC2;904813;0,001;10274;904813;02-LEND
8100000000;439;5000;HIDROXICORTICOESTEROIDES EN ORINA PARCIA;ZSC2;904814;0,001;10274;904814;02-LEND
8100000000;440;5000;GLOBULINA TRANSPORTADORA DE TIROXINA TBG;ZSC2;904901;0,001;10274;904901;02-LREF
8100000000;441;5000;HORMONA ESTIMULANTE TIROIDES NEONATAL TS;ZSC2;904903;0,001;10274;904903;02-LEND
8100000000;442;5000;HORMONA ESTIMULANTE TIROIDES TSH ULTRASE;ZSC2;904904;0,001;10274;904904;05-PRYP
8100000000;443;5000;HORMONA PARATIROIDEA MOLECULA INTACTA PT;ZSC2;904912;0,001;10274;904912;02-LEND
8100000000;444;5000;TSH PRE Y POST TRH 3H 4 MUESTRAS;ZSC2;904915;0,001;10274;904915;02-LEND
8100000000;445;5000;TIROGLOBULINA;ZSC2;904920;0,001;10274;904920;02-LEND
8100000000;446;5000;TIROXINA LIBRE T4L;ZSC2;904921;0,001;10274;904921;02-LEND
8100000000;447;5000;TIROXINA TOTAL T4T;ZSC2;904922;0,001;10274;904922;02-LEND
8100000000;448;5000;TRIYODOTIRONINA CAPTACION T3 UPTAKE;ZSC2;904923;0,001;10274;904923;02-LEND
8100000000;449;5000;TRIYODOTIRONINA LIBRE T3L;ZSC2;904924;0,001;10274;904924;02-LEND
8100000000;450;5000;TRIYODOTIRONINA TOTAL T3T;ZSC2;904925;0,001;10274;904925;02-LEND
8100000000;451;5000;TIROXINA NORMALIZADA T4N;ZSC2;904926;0,001;10274;904926;02-LEND
8100000000;452;5000;TRIYODOTIRONINA REVERSA T3 REVERSA;ZSC2;904927;0,001;10274;904927;02-LEND
8100000000;453;5000;LIDOCAINA EN SUERO;ZSC2;905001;0,001;10274;905001;02-LTOX
8100000000;454;5000;PROCAINAMIDA METABOLITOS;ZSC2;905003;0,001;10274;905003;02-LTOX
8100000000;455;5000;WARFARINA CUANTITATIVA;ZSC2;905103;0,001;10274;905103;02-LREF
8100000000;456;5000;ACIDO VALPROICO AUTOMATIZADO;ZSC2;905201;0,001;10274;905201;02-LQUS
8100000000;457;5000;ACIDO VALPROICO LIBRE AUTOMATIZADO;ZSC2;905202;0,001;10274;905202;02-LTOX
8100000000;458;5000;BARBITURICOS SEMICUANTITATIVO;ZSC2;905204;0,001;10274;905204;02-LREF
8100000000;459;5000;CARBAMAZEPINA CUANTITATIVA AUTOMATIZADA;ZSC2;905206;0,001;10274;905206;02-LTOX
8100000000;460;5000;ETOSUXIMIDA CUANTITATIVA AUTOMATIZADA;ZSC2;905208;0,001;10274;905208;02-LTOX
8100000000;461;5000;FENITOINA LIBRE AUTOMATIZADA;ZSC2;905210;0,001;10274;905210;02-LTOX
8100000000;462;5000;FENITOINA TOTAL AUTOMATIZADA;ZSC2;905213;0,001;10274;905213;02-LQUS
8100000000;463;5000;FENOBARBITAL NIVELES SERICOS AUTOMATIZAD;ZSC2;905214;0,001;10274;905214;02-LTOX
8100000000;464;5000;ANFETAMINAS Y METANFETAMINAS CUANTITATIV;ZSC2;905301;0,001;10274;905301;02-LTOX
8100000000;465;5000;METANFETAMINAS CUALITATIVAS EN ORINA;ZSC2;90530201;0,001;10274;90530201;02-LTOX
8100000000;466;5000;ANTIDEPRESIVOS TRICICLICOS CUANTIT AMITR;ZSC2;905303;0,001;10274;905303;02-LTOX
8100000000;467;5000;BENZODIACEPINAS CUANTITATIVAS EN SANGRE;ZSC2;905305;0,001;10274;905305;02-LTOX
8100000000;468;5000;BENZODIACEPINAS CUANTITATIVAS EN ORINA;ZSC2;90530501;0,001;10274;90530501;02-LTOX
8100000000;469;5000;BENZODIACEPINAS SEMICUANTITATIVO EN ORIN;ZSC2;905306;0,001;10274;905306;02-LTOX
8100000000;470;5000;CLORPROMAZINA;ZSC2;905307;0,001;10274;905307;02-LTOX
8100000000;471;5000;FENCICLIDINA;ZSC2;905308;0,001;10274;905308;02-LTOX
8100000000;472;5000;FENOTIAZINAS AUTOMATIZADO;ZSC2;905309;0,001;10274;905309;02-LTOX
8100000000;473;5000;LITIO AUTOMATIZADO;ZSC2;905312;0,001;10274;905312;02-LTOX
8100000000;474;5000;AMIKACINA AUTOMATIZADO;ZSC2;905401;0,001;10274;905401;02-LTOX
8100000000;475;5000;GENTAMICINA AUTOMATIZADA;ZSC2;905404;0,001;10274;905404;02-LTOX
8100000000;476;5000;NETILMICINA AUTOMATIZADO;ZSC2;905407;0,001;10274;905407;02-LTOX
8100000000;477;5000;TOBRAMICINA AUTOMATIZADO;ZSC2;905409;0,001;10274;905409;02-LTOX
8100000000;478;5000;VANCOMICINA AUTOMATIZADO;ZSC2;905410;0,001;10274;905410;02-LTOX
8100000000;479;5000;CICLOSPORINA A O METABOLITOS SEMIAUTO O;ZSC2;905502;0,001;10274;905502;02-LREF
8100000000;480;5000;TACROLIMUS SEMIAUTOMATIZADO O AUTOMATIZA;ZSC2;905503;0,001;10274;905503;02-LTOX
8100000000;481;5000;METOTREXATO SEMIAUTOMATIZADO O AUTOMATIZ;ZSC2;905504;0,001;10274;905504;02-LTOX
8100000000;482;5000;EVEROLIMUS SEMIAUTOMATIZADO O AUTOMATIZA;ZSC2;905505;0,001;10274;905505;02-LTOX
8100000000;483;5000;DIGITOXINA AUTOMATIZADO;ZSC2;905601;0,001;10274;905601;02-LTOX
8100000000;484;5000;DIGOXINA AUTOMATIZADO;ZSC2;905603;0,001;10274;905603;02-LTOX
8100000000;485;5000;TEOFILINA AUTOMATIZADO;ZSC2;905608;0,001;10274;905608;02-LTOX
8100000000;486;5000;ACETAMINOFEN AUTOMATIZADO;ZSC2;905701;0,001;10274;905701;02-LTOX
8100000000;487;5000;ALCALOIDES AUTOMATIZADO;ZSC2;905703;0,001;10274;905703;02-LTOX
8100000000;488;5000;ALCOHOL ETILICO AUTOMATIZADO;ZSC2;905705;0,001;10274;905705;02-LTOX
8100000000;489;5000;ALCOHOL METILICO (FORMALDEHIDO) SEMIAUTO;ZSC2;905708;0,001;10274;905708;02-LTOX
8100000000;490;5000;ARSENICO SEMIAUTOMATIZADO;ZSC2;905709;0,001;10274;905709;02-LREF
8100000000;491;5000;ATROPINICOS AUTOMATIZADO (ESCOPOLAMINA);ZSC2;905710;0,001;10274;905710;02-LTOX
8100000000;492;5000;CAFEINA AUTOMATIZADO;ZSC2;905714;0,001;10274;905714;02-LTOX
8100000000;493;5000;CANNABINOIDES MARIHUANA CUANTITATIVO EN;ZSC2;905716;0,001;10274;905716;02-LTOX
8100000000;494;5000;CANNABINOIDES MARIHUANA CUANTITATIVO EN;ZSC2;90571601;0,001;10274;90571601;02-LTOX
8100000000;495;5000;CANNABINOIDES MARIHUANA MANUAL O SEMIAUT;ZSC2;905717;0,001;10274;905717;02-LTOX
8100000000;496;5000;CARBAMATOS O METABOLITOS AUTOMATIZADO;ZSC2;905718;0,001;10274;905718;02-LREF
8100000000;497;5000;CIANUROS AUTOMATIZADO;ZSC2;905721;0,001;10274;905721;02-LTOX
8100000000;498;5000;COCAINA O METABOLITOS SEMIAUTOM CUALITAT;ZSC2;905725;0,001;10274;905725;02-LREF
8100000000;499;5000;COCAINA O METABOLITOS AUTOMATIZADO CUANT;ZSC2;905726;0,001;10274;905726;02-LTOX
8100000000;500;5000;DROGAS DE ABUSO PANEL DE DROGAS;ZSC2;905727;0,001;10274;905727;02-LPAR
